,median,lq,uq,iqr
bt,5.06,3.86,6.61,2.7500000000000004
density,3.28,2.0,5.59,3.59
speed,395.96,344.04,466.79,122.75
bx_gsm,-0.46,-3.1017258252638276,2.05,5.151725825263828
by_gsm,-0.44,-3.0,2.34,5.34
bz_gsm,-0.05,-1.78,1.66,3.44
smoothed_ssn,69.5,45.7,90.9,45.2
