,median,lq,uq,iqr
bt,5.4341097906838485,3.881514006967655,6.367171342337487,2.485657335369832
density,5.9,3.302412196679438,7.604309302141627,4.301897105462189
speed,466.0,379.0,9999.0,9620.0
bx_gsm,0.09157414826370011,-2.5499999999998058,2.1824313725490745,4.732431372548881
by_gsm,-0.07883515229493288,-2.1301914755017552,2.0645,4.194691475501755
bz_gsm,0.023560723758920068,-1.189838918948326,1.2121666666666664,2.4020055856149924
smoothed_ssn,63.5,23.7,141.1,117.39999999999999
