,median,lq,uq,iqr
bt,6.017474553332154,4.031126718182103,1731.8776024881204,1727.8464757699383
density,7.0481184210526315,3.5370330969267134,999.9,996.3629669030732
speed,466.0,379.0,9999.0,9620.0
bx_gse,1.8,-2.1,999.9,1002.0
by_gse,1.8705,-1.7,999.9,1001.6
bz_gse,0.9376666666666666,-0.8,999.9,1000.6999999999999
smoothed_ssn,38.9,14.0,96.4,82.4
