,median,lq,uq,iqr
bt,4.98,3.66,6.76,3.0999999999999996
density,3.37,1.81,5.670000000001843,3.860000000001843
speed,412.1,357.84,482.79,124.95000000000005
bx_gsm,-0.67,-3.24,1.97,5.21
by_gsm,0.11,-2.34,2.49,4.83
bz_gsm,-0.02,-1.76,1.75,3.51
smoothed_ssn,38.9,14.0,96.4,82.4
